"Especie","Lat","Long","BD","colecta","bio01","bio02","bio03","bio04","bio05","bio06","bio07","bio08","bio09","bio10","bio11","bio12","bio13","bio14","bio15","bio16","bio17","bio18","bio19"
"albilanata",18.246991,-98.110123,"gbif",NA,223,171,69,2021,341,95,246,236,194,246,194,720,169,3,98,404,12,260,18
"albilanata",16.702085,-92.636622,"gbif",NA,152,131,74,1186,234,58,176,162,140,163,134,1189,211,20,73,554,67,552,67
"albilanata",16.697786,-92.637961,"gbif",NA,138,128,73,1133,219,46,173,148,121,149,121,1130,213,12,79,554,52,550,52
"albilanata",17.838889,-97.812778,"gbif",NA,182,174,71,1784,298,53,245,194,158,203,157,748,183,4,97,405,18,280,22
"albilanata",17.637558,-99.071996,"gbif",NA,199,139,71,1069,297,103,194,199,192,213,185,1240,261,2,102,761,21,327,24
"albilanata",17.335774,-97.130273,"gbif",NA,164,167,72,1361,277,47,230,170,145,180,144,663,147,4,90,364,17,251,22
"albilanata",17.693317,-97.199203,"gbif",NA,147,161,70,1490,260,32,228,154,127,165,126,767,163,6,87,411,26,270,40
"albilanata",16.561306,-96.338711,"gbif",NA,221,148,68,1714,325,108,217,232,197,241,197,566,126,1,97,325,7,204,10
"albilanata",16.535162,-96.350351,"gbif",NA,198,139,68,1586,297,93,204,207,177,217,175,498,122,3,98,288,10,189,11
"albilanata",17.50065,-97.858769,"gbif",NA,169,177,73,1463,282,42,240,178,148,186,148,935,197,6,93,520,30,317,30
"albilanata",17.257653,-96.488845,"gbif",NA,155,135,71,1261,248,60,188,160,148,170,137,921,172,11,83,484,38,266,71
"albilanata",17.190781,-96.782398,"gbif",NA,193,157,68,1726,303,75,228,199,180,213,168,669,144,2,94,359,12,238,19
"albilanata",17.079132,-96.103081,"gbif",NA,154,121,70,1223,241,70,171,157,147,170,138,1536,314,27,85,848,89,374,129
"albilanata",17.082073,-96.108489,"gbif",NA,156,121,70,1220,243,71,172,159,149,171,139,1513,309,28,84,831,90,372,128
"albilanata",16.541389,-97.0775,"gbif",NA,175,152,73,1102,275,69,206,180,160,189,159,1108,245,4,99,640,21,381,31
"albilanata",16.759479,-92.721631,"gbif",NA,151,129,73,1211,232,57,175,161,138,163,132,1276,229,24,72,610,78,592,83
"albilanata",17.585442,-96.949806,"gbif",NA,177,151,68,1709,286,64,222,185,166,197,152,695,140,6,94,385,19,216,33
"albilanata",17.370764,-96.92516,"gbif",NA,162,156,71,1352,270,52,218,167,144,178,142,723,161,5,92,402,20,258,26
"albilanata",17.434344,-99.449637,"gbif",NA,224,140,71,1258,321,124,197,226,226,240,207,1030,241,2,108,666,17,241,22
"albilanata",16.539061,-92.440338,"gbif",NA,173,133,75,1091,260,83,177,180,157,184,157,1330,264,13,84,662,49,430,49
"albilanata",17.469148,-97.085307,"gbif",NA,177,163,70,1601,290,58,232,185,156,196,154,681,139,5,91,374,19,234,25
"albilanata",17.462142,-97.0855,"gbif",NA,167,166,71,1438,280,49,231,174,147,184,146,600,125,4,88,321,16,215,23
"albilanata",17.725252,-97.320934,"gbif",NA,156,165,68,1744,273,32,241,166,132,176,131,564,122,4,87,283,15,221,21
"albilanata",16.866561,-96.275859,"gbif",NA,178,133,68,1553,276,81,195,186,159,197,156,707,151,8,89,370,31,245,35
"albilanata",16.86652,-96.275628,"gbif",NA,178,133,68,1553,276,81,195,186,159,197,156,707,151,8,89,370,31,245,35
"albilanata",16.859863,-96.305781,"gbif",NA,169,129,69,1349,262,77,185,180,152,186,150,715,156,8,90,368,33,254,36
"albilanata",17.77116,-96.953961,"gbif",NA,249,137,62,2369,357,137,220,265,229,278,216,504,110,3,99,298,12,152,12
"albilanata",16.287869,-92.183225,"gbif",NA,168,136,75,1065,258,77,181,175,153,180,153,969,188,11,79,437,42,337,42
"albilanata",17.868763,-98.464112,"gbif",NA,213,164,68,1849,331,91,240,223,188,236,188,928,205,2,106,563,13,297,13
"albilanata",17.255614,-96.490591,"gbif",NA,153,135,71,1240,248,59,189,157,147,169,136,951,179,12,83,498,39,274,74
"albilanata",16.380506,-92.219733,"gbif",NA,164,134,74,1065,252,73,179,172,148,175,148,1052,197,15,76,473,55,355,55
"albilanata",17.149796,-97.531915,"gbif",NA,180,180,73,1552,294,49,245,191,158,198,158,933,198,10,86,516,41,313,48
"albilanata",18.64901,-99.497101,"gbif",NA,236,156,67,1824,356,126,230,241,217,261,213,1042,234,3,108,658,18,85,27
"albilanata",16.43524,-92.217865,"gbif",NA,148,130,74,1051,232,58,174,157,132,157,132,1127,204,21,71,502,70,370,70
"albilanata",17.662179,-96.931343,"gbif",NA,240,140,64,2205,346,128,218,254,209,267,209,478,97,3,97,271,12,150,12
"albilanata",17.753091,-98.390343,"gbif",NA,212,164,68,1822,329,90,239,221,187,235,187,977,231,1,108,604,10,308,10
"albilanata",17.588672,-96.952951,"gbif",NA,177,151,68,1709,286,64,222,185,166,197,152,695,140,6,94,385,19,216,33
"albilanata",18.657801,-99.502617,"gbif",NA,237,160,68,1835,358,123,235,244,216,262,213,1044,232,4,106,657,19,312,27
"albilanata",16.657309,-96.984925,"gbif",NA,179,153,73,1132,280,72,208,184,164,192,162,986,223,4,96,567,20,358,28
"albilanata",16.621148,-93.114628,"gbif",NA,244,139,69,1564,344,145,199,253,224,263,222,975,222,1,105,591,6,313,18
"albilanata",18.666646,-99.50695,"gbif",NA,235,155,67,1802,355,124,231,240,215,259,212,1031,232,3,108,651,18,84,27
"albilanata",18.669898,-99.517937,"gbif",NA,224,142,66,1690,338,124,214,226,207,248,204,1106,243,4,105,685,21,94,33
"albilanata",18.672593,-99.492187,"gbif",NA,235,154,67,1803,353,125,228,239,215,259,212,1014,231,3,107,641,18,83,27
"albilanata",18.694616,-99.499741,"gbif",NA,215,136,66,1610,324,119,205,216,198,238,196,1124,242,5,103,683,25,102,35
"albilanata",18.668412,-99.510319,"gbif",NA,236,158,67,1852,356,123,233,242,215,261,212,1030,230,4,107,649,19,83,27
"albilanata",17.6855,-97.271806,"gbif",NA,143,161,70,1453,256,29,227,150,124,161,122,832,179,7,87,445,30,297,42
"albilanata",17.695323,-97.245097,"gbif",NA,137,156,70,1379,247,27,220,143,129,153,117,975,203,11,86,526,39,324,56
"albilanata",18.662347,-99.525404,"gbif",NA,225,142,66,1684,339,125,214,227,208,249,205,1108,243,4,105,687,21,95,32
"albilanata",16.175843,-92.222464,"gbif",NA,188,141,73,1235,283,92,191,193,170,202,170,969,210,5,90,462,21,345,33
"albilanata",17.5241,-97.981396,"gbif",NA,190,179,73,1492,305,62,243,199,168,208,168,848,167,5,93,468,23,273,23
"albilanata",16.294656,-96.629508,"gbif",NA,172,134,74,926,260,81,179,175,160,183,159,1100,252,3,102,656,15,401,18
"albilanata",17.439065,-96.930951,"gbif",NA,159,155,71,1392,268,50,218,165,142,177,139,722,162,5,92,402,20,253,28
"albilanata",17.484824,-96.940127,"gbif",NA,155,154,70,1399,264,46,218,160,136,172,135,745,169,6,92,417,22,259,33
"albilanata",17.713413,-96.943221,"gbif",NA,238,140,64,2195,344,126,218,247,220,265,207,509,105,3,96,290,14,155,14
"albilanata",18.69738,-99.524924,"gbif",NA,228,148,67,1733,344,124,220,231,210,252,207,1042,234,3,107,655,18,86,28
"albilanata",17.70238,-97.944283,"gbif",NA,204,176,71,1762,320,74,246,215,179,224,179,796,180,2,96,429,13,284,23
"albilanata",17.053715,-96.90965,"gbif",NA,175,157,72,1325,281,64,217,181,158,191,156,827,178,4,92,469,20,302,26
"albilanata",18.156291,-97.242737,"gbif",NA,215,156,68,2041,328,100,228,223,200,240,187,452,106,3,99,244,13,154,19
"albilanata",16.66166,-96.10027,"gbif",NA,231,146,68,1712,333,119,214,243,207,251,207,653,150,3,97,360,10,231,10
"albilanata",17.643565,-98.017745,"gbif",NA,212,173,70,1803,328,84,244,223,187,234,187,797,176,2,98,449,13,279,18
"albilanata",17.636128,-98.04599,"gbif",NA,212,173,70,1770,328,84,244,222,187,233,187,817,178,2,98,465,13,282,17
"albilanata",17.949431,-98.041745,"gbif",NA,217,172,69,1950,335,88,247,229,190,240,189,744,172,2,99,414,10,266,15
"albilanata",16.349385,-95.199418,"gbif",NA,276,106,68,1380,353,199,154,287,273,291,256,884,228,2,114,525,7,280,12
"albilanata",17.567528,-96.945556,"gbif",NA,182,151,67,1771,292,69,223,192,171,204,157,680,138,6,93,376,19,214,32
"albilanata",19.550924,-103.926966,"gbif",NA,228,147,67,1672,333,116,217,238,219,246,203,846,198,4,103,546,18,346,46
"albilanata",18.39525,-98.647527,"gbif",NA,239,171,68,2028,364,115,249,251,213,265,212,790,173,1,104,473,11,249,18
"albilanata",18.39328,-98.645552,"gbif",NA,239,171,68,2028,364,115,249,251,213,265,212,790,173,1,104,473,11,249,18
"albilanata",18.394013,-98.645552,"gbif",NA,239,171,68,2028,364,115,249,251,213,265,212,790,173,1,104,473,11,249,18
"albilanata",18.399937,-98.654235,"gbif",NA,246,174,67,2103,373,117,256,258,219,273,218,780,161,2,99,456,13,242,26
"albilanata",17.720646,-97.154975,"gbif",NA,152,160,69,1625,266,35,231,160,141,171,129,669,140,5,88,362,22,229,38
"albilanata",16.65247,-95.015737,"gbif",NA,261,96,61,1748,341,186,155,270,260,281,236,982,235,7,103,573,23,271,28
"albilanata",17.13155,-97.52947,"gbif",NA,175,180,74,1464,289,46,243,185,155,193,154,920,202,9,90,515,29,326,41
"albilanata",17.60772,-96.93347,"gbif",NA,202,149,66,1922,311,88,223,212,188,225,175,647,130,6,93,357,19,195,34
"albilanata",16.841354,-96.746341,"gbif",NA,210,157,68,1721,319,90,229,220,186,229,185,680,156,1,97,388,9,271,14
"albilanata",16.83638,-96.36525,"gbif",NA,168,130,71,1234,261,78,183,173,154,184,151,689,157,6,91,360,25,258,28
"albilanata",16.233333,-96.516667,"gbif",NA,155,126,78,661,236,75,161,156,146,164,146,1577,362,4,104,986,22,222,22
"albilanata",17.6,-96.566667,"gbif",NA,141,134,70,1281,238,48,190,146,135,157,123,1445,264,17,83,756,58,367,136
"albilanata",16.383333,-96.466667,"gbif",NA,199,142,68,1541,300,92,208,209,179,217,177,498,119,3,98,289,10,187,11
"albilanata",17.333333,-98.05,"gbif",NA,193,177,74,1378,306,68,238,198,182,210,173,1083,206,10,92,609,36,311,37
"albilanata",17.3,-96.8,"gbif",NA,174,153,70,1503,281,63,218,182,155,192,153,764,158,5,92,427,18,260,29
"albilanata",16.75,-93.533333,"gbif",NA,240,122,68,1725,328,149,179,254,225,258,215,826,169,6,97,478,20,246,39
"albilanata",16.666667,-96.3,"gbif",NA,230,149,68,1759,334,116,218,242,205,250,205,505,113,2,94,277,7,188,7
"albilanata",17.325,-96.52861,"gbif",NA,175,140,68,1595,276,72,204,183,165,194,152,832,195,5,96,484,21,292,37
"albilanata",16.476667,-96.21666,"gbif",NA,176,122,71,1093,261,90,171,181,162,190,161,666,164,5,98,391,19,237,20
"albilanata",19.316666,-103.9,"gbif",NA,251,143,70,1580,347,144,203,262,239,269,229,1018,247,3,111,708,14,361,53
"albilanata",16.383333,-96.433333,"gbif",NA,198,141,68,1480,298,93,205,207,179,216,177,499,120,3,99,293,10,185,11
"haageana",18.981543,-98.046127,"gbif",NA,167,164,70,1831,278,47,231,180,141,187,141,818,176,6,88,416,24,300,24
"haageana",18.327069,-97.457917,"gbif",NA,202,156,69,1933,311,86,225,221,175,224,175,427,105,3,101,212,12,168,14
"haageana",18.327197,-97.457418,"gbif",NA,202,156,69,1933,311,86,225,221,175,224,175,427,105,3,101,212,12,168,14
"haageana",18.327124,-97.457803,"gbif",NA,202,156,69,1933,311,86,225,221,175,224,175,427,105,3,101,212,12,168,14
"haageana",18.328593,-97.457661,"gbif",NA,202,156,69,1933,311,86,225,221,175,224,175,427,105,3,101,212,12,168,14
"haageana",18.332275,-97.457864,"gbif",NA,202,156,69,1933,311,86,225,221,175,224,175,427,105,3,101,212,12,168,14
"haageana",18.326932,-97.458287,"gbif",NA,202,156,69,1933,311,86,225,221,175,224,175,427,105,3,101,212,12,168,14
"haageana",18.327194,-97.457273,"gbif",NA,202,156,69,1933,311,86,225,221,175,224,175,427,105,3,101,212,12,168,14
"haageana",18.327215,-97.459866,"gbif",NA,202,156,69,1933,311,86,225,221,175,224,175,427,105,3,101,212,12,168,14
"haageana",18.33,-97.457753,"gbif",NA,202,156,69,1933,311,86,225,221,175,224,175,427,105,3,101,212,12,168,14
"haageana",18.330502,-97.46907,"gbif",NA,203,156,69,1930,312,86,226,221,176,225,176,424,105,3,101,212,12,168,14
"haageana",18.327191,-97.460334,"gbif",NA,202,156,69,1933,311,86,225,221,175,224,175,427,105,3,101,212,12,168,14
"haageana",18.327195,-97.460287,"gbif",NA,202,156,69,1933,311,86,225,221,175,224,175,427,105,3,101,212,12,168,14
"haageana",18.327171,-97.45946,"gbif",NA,202,156,69,1933,311,86,225,221,175,224,175,427,105,3,101,212,12,168,14
"haageana",18.326905,-97.455853,"gbif",NA,203,155,69,1928,312,88,224,221,177,225,176,425,104,3,100,211,12,167,14
"haageana",18.326874,-97.455858,"gbif",NA,203,155,69,1928,312,88,224,221,177,225,176,425,104,3,100,211,12,167,14
"haageana",18.326912,-97.45595,"gbif",NA,203,155,69,1928,312,88,224,221,177,225,176,425,104,3,100,211,12,167,14
"haageana",18.330587,-97.458593,"gbif",NA,202,156,69,1933,311,86,225,221,175,224,175,427,105,3,101,212,12,168,14
"haageana",18.327015,-97.456223,"gbif",NA,203,155,69,1928,312,88,224,221,177,225,176,425,104,3,100,211,12,167,14
"haageana",18.3306,-97.456582,"gbif",NA,202,156,69,1933,311,86,225,221,175,224,175,427,105,3,101,212,12,168,14
"haageana",18.330812,-97.458648,"gbif",NA,202,156,69,1933,311,86,225,221,175,224,175,427,105,3,101,212,12,168,14
"haageana",18.327216,-97.459746,"gbif",NA,202,156,69,1933,311,86,225,221,175,224,175,427,105,3,101,212,12,168,14
"haageana",18.327152,-97.456861,"gbif",NA,202,156,69,1933,311,86,225,221,175,224,175,427,105,3,101,212,12,168,14
"haageana",18.327099,-97.456645,"gbif",NA,202,156,69,1933,311,86,225,221,175,224,175,427,105,3,101,212,12,168,14
"haageana",17.856039,-97.323871,"gbif",NA,152,162,66,1890,269,27,242,164,126,174,125,560,121,3,88,284,15,222,21
"haageana",18.326987,-97.460651,"gbif",NA,202,156,69,1933,311,86,225,221,175,224,175,427,105,3,101,212,12,168,14
"haageana",19.441345,-97.2769,"gbif",NA,126,143,71,1618,224,23,201,134,103,144,103,481,88,9,72,222,28,173,28
"haageana",19.514548,-97.428999,"gbif",NA,120,146,71,1599,221,17,204,128,98,138,98,556,100,10,71,249,32,202,35
"haageana",19.508733,-97.43763,"gbif",NA,123,147,71,1621,225,18,207,138,101,141,100,504,88,8,71,229,28,192,29
"haageana",18.333679,-97.462072,"gbif",NA,202,156,69,1933,311,86,225,221,175,224,175,427,105,3,101,212,12,168,14
"haageana",18.87978,-98.165634,"gbif",NA,171,164,71,1713,283,53,230,182,146,191,146,840,174,6,90,450,23,285,23
"haageana",16.604153,-96.893414,"gbif",NA,206,158,69,1540,314,88,226,215,186,224,184,815,179,2,96,450,9,313,14
"haageana",18.528913,-97.318825,"gbif",NA,167,149,69,1799,271,58,213,179,142,187,141,616,123,7,85,308,25,218,28
"haageana",18.954221,-98.017461,"gbif",NA,173,166,71,1818,285,52,233,186,146,193,146,769,163,6,86,392,23,285,23
"haageana",18.903909,-98.315141,"gbif",NA,166,161,70,1671,276,49,227,177,142,185,142,930,189,6,93,518,23,297,34
"haageana",18.3311,-97.469383,"gbif",NA,203,156,69,1930,312,86,226,221,176,225,176,424,105,3,101,212,12,168,14
"haageana",19.502476,-97.445507,"gbif",NA,127,148,71,1667,227,20,207,142,103,145,103,464,82,6,73,217,24,187,24
"haageana",17.707729,-97.319549,"gbif",NA,157,166,68,1736,274,33,241,166,133,177,132,566,123,4,88,284,15,221,21
"haageana",19.394898,-97.487359,"gbif",NA,142,156,71,1754,246,29,217,158,116,160,116,414,83,4,77,203,16,180,16
"haageana",19.352218,-97.450701,"gbif",NA,146,156,71,1755,250,33,217,163,121,165,121,415,89,5,77,201,17,179,20
"haageana",18.896915,-98.311958,"gbif",NA,182,164,72,1535,292,66,226,191,159,199,159,838,166,5,93,464,22,268,22
"haageana",17.853157,-97.356222,"gbif",NA,148,163,68,1747,264,26,238,158,124,169,123,621,140,3,90,324,17,241,24
"haageana",18.880166,-97.970883,"gbif",NA,175,169,71,1803,289,53,236,188,149,195,149,733,158,6,86,370,23,280,23
"haageana",18.893499,-97.886383,"gbif",NA,181,170,71,1835,295,58,237,194,154,201,154,672,146,6,84,332,23,266,23
"haageana",18.274145,-97.549863,"gbif",NA,186,160,69,1946,297,66,231,205,160,208,158,512,127,3,96,260,15,213,17
"haageana",18.890706,-97.902766,"gbif",NA,180,170,71,1850,294,57,237,193,153,200,153,680,148,6,85,338,23,268,23
"haageana",18.884512,-97.691819,"gbif",NA,174,171,71,1900,289,50,239,191,146,194,146,568,125,4,82,280,24,237,26
"haageana",18.329069,-97.475706,"gbif",NA,201,156,69,1926,310,85,225,219,174,223,174,432,106,3,99,215,12,172,14
"haageana",18.943288,-97.418128,"gbif",NA,135,166,74,1447,247,23,224,142,115,151,113,611,112,5,82,301,24,129,26
"haageana",18.599085,-98.06823,"gbif",NA,226,169,71,2003,341,103,238,241,198,249,198,725,165,4,97,390,17,255,17
"haageana",18.319358,-97.605453,"gbif",NA,187,161,69,1875,298,67,231,205,161,208,160,497,126,3,96,258,12,211,15
"haageana",18.870261,-97.977603,"gbif",NA,179,168,71,1786,293,57,236,191,153,199,153,712,152,6,86,361,23,270,23
"haageana",18.871236,-97.977775,"gbif",NA,179,168,71,1786,293,57,236,191,153,199,153,712,152,6,86,361,23,270,23
"haageana",18.970745,-98.015971,"gbif",NA,166,165,71,1813,278,46,232,179,140,186,140,820,178,6,87,413,24,305,24
"haageana",18.989151,-98.018837,"gbif",NA,162,165,71,1826,273,41,232,175,135,182,135,856,190,6,88,426,25,321,25
"haageana",18.970615,-98.016005,"gbif",NA,166,165,71,1813,278,46,232,179,140,186,140,820,178,6,87,413,24,305,24
"haageana",18.960379,-98.014137,"gbif",NA,170,166,71,1797,282,50,232,182,144,190,144,791,170,6,87,400,24,295,24
"haageana",18.959445,-98.015728,"gbif",NA,169,165,70,1810,281,48,233,182,143,189,143,799,171,6,87,404,24,296,24
"haageana",18.308653,-97.616505,"gbif",NA,183,162,69,1883,295,62,233,202,158,205,156,524,134,3,94,274,14,226,17
"haageana",18.884061,-97.910203,"gbif",NA,173,171,72,1809,287,50,237,185,146,192,146,728,157,6,85,360,24,284,24
"haageana",18.893964,-97.886873,"gbif",NA,181,170,71,1835,295,58,237,194,154,201,154,672,146,6,84,332,23,266,23
"haageana",18.88268,-97.909431,"gbif",NA,178,170,71,1847,292,55,237,191,151,198,151,693,151,6,86,345,23,273,31
"haageana",18.393919,-97.414092,"gbif",NA,187,151,69,1874,292,74,218,198,161,208,161,492,119,4,96,245,13,192,16
"haageana",18.973437,-98.025461,"gbif",NA,167,165,71,1821,279,47,232,180,141,187,141,815,176,6,88,412,24,302,24
"haageana",18.333444,-97.517825,"gbif",NA,194,158,69,1919,304,77,227,213,168,216,167,453,112,3,100,228,12,185,13
"haageana",18.590297,-97.912332,"gbif",NA,202,165,71,1728,314,84,230,213,178,222,178,641,136,3,91,329,13,230,21
"haageana",18.331358,-97.466026,"gbif",NA,203,156,69,1930,312,86,226,221,176,225,176,424,105,3,101,212,12,168,14
"haageana",18.864068,-97.975582,"gbif",NA,181,168,71,1792,295,59,236,193,154,200,154,705,150,6,86,357,23,267,23
"haageana",18.912886,-98.313386,"gbif",NA,167,161,71,1641,277,52,225,178,144,186,144,918,186,6,93,510,24,293,24
"haageana",18.432794,-97.613554,"gbif",NA,159,165,71,1745,271,40,231,175,135,179,134,490,122,3,92,256,16,212,17
"haageana",18.432143,-97.615614,"gbif",NA,155,166,71,1693,268,36,232,170,132,174,130,498,124,3,92,260,16,214,17
"haageana",17.85249,-97.1851,"gbif",NA,159,153,66,1844,271,42,229,169,147,181,132,655,134,4,90,350,21,214,36
"haageana",19.33851,-97.453603,"gbif",NA,141,156,72,1666,245,29,216,156,117,159,117,447,90,5,76,216,19,191,20
"haageana",18.278058,-97.519994,"gbif",NA,190,159,69,1902,300,72,228,209,165,212,163,485,119,3,98,244,13,198,15
"haageana",18.217695,-97.287858,"gbif",NA,222,157,68,2066,336,106,230,230,207,247,194,329,81,2,102,174,8,123,9
"haageana",17.976389,-97.373889,"gbif",NA,161,159,67,1924,275,38,237,173,135,184,134,611,138,4,92,307,18,235,26
"haageana",18.679768,-97.746933,"gbif",NA,182,164,70,1831,295,63,232,199,156,203,156,581,123,4,86,276,16,235,22
"haageana",18.319085,-97.443023,"gbif",NA,205,155,68,1940,314,89,225,215,178,227,177,422,104,3,100,211,12,164,14
"haageana",18.384374,-97.444409,"gbif",NA,191,153,69,1897,298,77,221,210,166,213,165,461,109,3,98,230,12,186,14
"haageana",18.317231,-97.373887,"gbif",NA,212,154,68,1969,321,97,224,221,184,235,184,404,101,2,101,207,12,152,14
"haageana",18.280115,-97.481346,"gbif",NA,190,157,69,1921,300,73,227,209,164,213,163,486,117,3,98,241,13,194,16
"haageana",18.183729,-97.622795,"gbif",NA,161,166,70,1783,274,37,237,172,136,181,135,579,152,4,95,305,18,242,21
"haageana",18.325525,-97.55957,"gbif",NA,191,159,69,1903,301,73,228,210,166,213,164,469,117,3,97,239,12,195,14
"haageana",17.880833,-97.412778,"gbif",NA,153,164,67,1872,270,27,243,170,128,175,127,588,127,4,87,299,17,237,22
"haageana",17.762786,-97.318047,"gbif",NA,153,164,68,1738,268,30,238,163,129,173,128,586,127,3,89,299,15,228,22
"haageana",18.073063,-97.305983,"gbif",NA,127,155,71,1413,236,18,218,134,118,143,107,1045,207,12,84,563,45,319,74
"haageana",17.928038,-97.439257,"gbif",NA,151,164,68,1778,266,26,240,167,126,172,125,581,134,4,90,296,17,234,21
"haageana",18.744792,-99.162486,"gbif",NA,240,169,68,1959,363,118,245,250,248,265,213,851,184,2,103,512,16,256,27
"haageana",18.686488,-99.047718,"gbif",NA,240,169,69,1884,363,120,243,243,230,264,215,847,179,3,104,508,16,244,24
"haageana",18.890864,-97.89402,"gbif",NA,182,169,71,1852,296,59,237,194,154,201,154,672,146,6,84,333,23,265,23
"haageana",18.891081,-97.899234,"gbif",NA,180,170,71,1850,294,57,237,193,153,200,153,680,148,6,85,338,23,268,23
"haageana",18.312851,-97.380001,"gbif",NA,208,154,69,1973,316,93,223,217,180,231,180,428,105,3,100,217,13,161,16
"haageana",18.269278,-97.567678,"gbif",NA,161,163,69,1797,273,39,234,172,136,181,135,537,140,4,94,281,17,227,19
"haageana",18.329486,-97.454164,"gbif",NA,203,155,69,1928,312,88,224,221,177,225,176,425,104,3,100,211,12,167,14
"haageana",18.067554,-97.309745,"gbif",NA,126,155,71,1412,235,18,217,133,118,143,106,1049,208,12,85,565,45,321,74
"haageana",17.551781,-97.389633,"gbif",NA,151,168,71,1465,266,31,235,159,131,169,130,784,168,8,87,406,25,302,33
"haageana",18.327298,-97.442862,"gbif",NA,195,154,69,1879,303,81,222,213,170,217,169,456,110,3,98,226,13,180,15
"haageana",18.057471,-97.343604,"gbif",NA,144,159,68,1707,257,26,231,154,121,164,120,648,147,5,88,343,24,237,32
"haageana",18.875946,-97.975629,"gbif",NA,177,168,71,1817,291,55,236,189,150,197,150,726,156,6,86,368,23,276,23
"haageana",18.31587,-97.617155,"gbif",NA,184,162,69,1880,295,63,232,203,159,206,157,517,132,3,93,270,14,221,17
"haageana",18.277731,-97.558445,"gbif",NA,183,160,69,1902,294,63,231,202,158,205,156,522,129,3,94,266,15,219,18
"haageana",18.283966,-97.559992,"gbif",NA,188,160,69,1891,299,68,231,207,162,210,161,500,125,3,97,254,14,209,16
"haageana",18.857347,-97.974256,"gbif",NA,182,168,72,1788,295,62,233,195,156,202,156,698,148,6,86,354,22,263,22
"haageana",18.332067,-97.45816,"gbif",NA,202,156,69,1933,311,86,225,221,175,224,175,427,105,3,101,212,12,168,14
"haageana",18.330141,-97.457115,"gbif",NA,202,156,69,1933,311,86,225,221,175,224,175,427,105,3,101,212,12,168,14
"haageana",18.330418,-97.457016,"gbif",NA,202,156,69,1933,311,86,225,221,175,224,175,427,105,3,101,212,12,168,14
"haageana",18.331127,-97.456291,"gbif",NA,203,155,69,1928,312,88,224,221,177,225,176,425,104,3,100,211,12,167,14
"haageana",18.33156,-97.457016,"gbif",NA,202,156,69,1933,311,86,225,221,175,224,175,427,105,3,101,212,12,168,14
"haageana",18.27333,-97.560163,"gbif",NA,176,161,69,1857,286,55,231,194,151,197,149,535,132,3,92,272,16,227,20
"haageana",19.109711,-97.849603,"gbif",NA,136,164,72,1654,247,20,227,147,112,154,112,825,151,7,81,414,29,311,35
"haageana",17.87545,-97.361046,"gbif",NA,156,162,66,1961,272,29,243,174,129,179,128,554,125,4,88,281,16,230,22
"haageana",17.894515,-97.691673,"gbif",NA,193,171,70,1951,307,63,244,206,166,215,165,715,173,4,96,383,15,274,23
"haageana",18.456823,-97.356763,"gbif",NA,192,147,69,1838,295,83,212,205,167,212,166,489,115,4,96,246,13,192,17
"haageana",19.418286,-97.415511,"gbif",NA,145,151,70,1827,247,34,213,163,119,165,119,350,73,4,74,166,15,151,18
"haageana",19.151236,-97.813622,"gbif",NA,147,166,71,1798,259,28,231,161,121,165,121,760,143,6,79,380,28,302,33
"haageana",19.151483,-97.813561,"gbif",NA,147,166,71,1798,259,28,231,161,121,165,121,760,143,6,79,380,28,302,33
"haageana",19.145497,-97.810128,"gbif",NA,145,166,72,1764,257,27,230,159,120,164,120,764,143,6,80,381,28,302,33
"haageana",19.514786,-97.428628,"gbif",NA,120,146,71,1599,221,17,204,128,98,138,98,556,100,10,71,249,32,202,35
"haageana",19.419206,-97.414772,"gbif",NA,145,151,70,1828,247,33,214,162,118,164,118,348,72,4,74,164,15,150,15
"haageana",18.327783,-97.452984,"gbif",NA,203,155,69,1928,312,88,224,221,177,225,176,425,104,3,100,211,12,167,14
"haageana",19.151542,-97.813667,"gbif",NA,147,166,71,1798,259,28,231,161,121,165,121,760,143,6,79,380,28,302,33
"haageana",19.152431,-97.81405,"gbif",NA,147,166,71,1798,259,28,231,161,121,165,121,760,143,6,79,380,28,302,33
"haageana",18.620033,-97.754776,"gbif",NA,168,168,71,1733,282,47,235,184,144,187,143,545,127,3,88,276,18,232,20
"haageana",18.356757,-97.434745,"gbif",NA,191,153,68,1912,298,76,222,209,165,213,164,474,113,3,98,235,12,189,14
"haageana",19.344442,-97.563064,"gbif",NA,146,161,71,1776,253,29,224,163,120,165,120,476,89,4,77,230,18,199,18
"haageana",19.331691,-97.454481,"gbif",NA,146,157,72,1738,250,32,218,162,121,164,121,449,97,5,77,219,19,193,22
"haageana",19.344861,-97.564858,"gbif",NA,155,162,71,1880,261,35,226,173,127,174,127,474,87,5,75,221,19,189,19
"haageana",19.115825,-97.842972,"gbif",NA,132,163,72,1650,241,17,224,143,108,149,108,833,151,7,81,419,29,310,35
"haageana",19.545671,-97.269048,"gbif",NA,133,137,68,1849,231,31,200,144,107,153,107,443,95,10,70,196,33,148,39
"haageana",18.226445,-97.262695,"gbif",NA,226,158,68,2091,342,111,231,237,211,252,198,295,72,1,102,158,5,113,7
"haageana",19.359036,-97.495942,"gbif",NA,129,154,72,1566,232,20,212,143,107,146,106,542,93,6,74,251,24,212,25
"haageana",19.351892,-97.492547,"gbif",NA,142,157,72,1703,246,28,218,158,117,160,117,450,88,4,77,219,18,192,19
"haageana",17.87829,-97.84087,"gbif",NA,184,174,71,1767,299,55,244,196,160,205,159,734,183,3,98,401,17,276,20
"haageana",17.850148,-97.496757,"gbif",NA,151,167,69,1711,266,27,239,162,128,171,127,632,152,4,93,330,17,257,22
"haageana",18.067345,-97.719335,"gbif",NA,181,168,70,1878,294,54,240,193,155,203,154,673,172,3,95,355,16,276,23
"haageana",18.242501,-97.611725,"gbif",NA,170,164,70,1849,282,48,234,189,145,192,144,556,143,3,93,290,16,239,20
"haageana",18.044042,-97.494064,"gbif",NA,170,162,68,1929,283,46,237,188,144,192,142,617,147,5,93,308,19,248,26
"haageana",18.316111,-97.615,"gbif",NA,184,162,69,1880,295,63,232,203,159,206,157,517,132,3,93,270,14,221,17
"haageana",18.342407,-97.445563,"gbif",NA,193,154,69,1895,300,79,221,211,167,215,166,463,111,3,99,230,12,185,14
"haageana",18.307677,-97.373199,"gbif",NA,205,153,68,1966,314,91,223,215,189,228,178,447,109,3,99,227,14,167,18
"haageana",18.252222,-97.546667,"gbif",NA,185,160,69,1910,296,65,231,204,159,207,158,523,129,3,96,264,15,217,18
"haageana",18.317129,-97.377319,"gbif",NA,212,154,68,1969,321,97,224,221,184,235,184,404,101,2,101,207,12,152,14
"haageana",18.315174,-97.373543,"gbif",NA,208,154,69,1973,316,93,223,217,180,231,180,428,105,3,100,217,13,161,16
"haageana",19.096998,-97.886295,"gbif",NA,145,166,72,1777,256,26,230,158,119,164,119,850,162,7,82,429,29,326,38
"haageana",18.342794,-97.45079,"gbif",NA,194,154,69,1891,303,80,223,213,169,216,168,456,110,3,98,227,12,183,14
"haageana",18.002938,-97.680924,"gbif",NA,168,169,70,1806,283,42,241,180,143,189,142,674,166,4,96,354,19,266,22
"haageana",19.001832,-97.829947,"gbif",NA,168,172,71,1897,283,43,240,181,140,187,140,727,155,6,83,358,26,292,26
"haageana",18.515156,-97.717302,"gbif",NA,169,166,71,1780,281,49,232,186,144,189,143,545,131,3,90,282,15,232,18
"haageana",18.332594,-97.511258,"gbif",NA,197,157,69,1907,306,80,226,216,171,219,170,442,109,3,101,222,12,179,13
"haageana",18.487568,-97.783292,"gbif",NA,169,167,71,1769,282,47,235,186,144,189,143,579,142,3,91,301,15,243,18
"haageana",17.956656,-97.871223,"gbif",NA,191,173,70,1809,306,62,244,203,166,212,165,733,180,2,99,400,12,274,18
"haageana",17.693223,-97.261264,"gbif",NA,141,159,70,1454,253,28,225,148,132,159,120,883,189,8,87,476,33,307,47
"haageana",18.208529,-97.270975,"gbif",NA,225,158,67,2081,341,108,233,237,210,250,197,301,73,1,100,160,6,114,8
"haageana",17.692722,-97.267639,"gbif",NA,145,162,70,1489,258,29,229,152,125,163,124,795,172,6,87,424,27,287,39
"haageana",17.677361,-97.233056,"gbif",NA,140,158,70,1431,252,28,224,147,131,158,120,907,192,9,87,490,34,310,50
"haageana",17.723944,-97.322651,"gbif",NA,156,165,68,1744,273,32,241,166,132,176,131,564,122,4,87,283,15,221,21
"haageana",17.691261,-97.256457,"gbif",NA,136,156,70,1394,246,26,220,141,127,153,116,997,207,11,86,539,40,329,58
"haageana",18.409924,-97.923933,"gbif",NA,193,168,71,1756,308,72,236,204,170,214,169,626,158,3,95,354,10,247,15
"haageana",18.250774,-97.313848,"gbif",NA,222,157,68,2049,335,106,229,230,206,247,194,327,82,1,103,173,7,124,8
"haageana",18.361412,-97.43129,"gbif",NA,187,153,69,1897,294,73,221,198,161,209,161,491,117,4,98,242,13,194,16
"haageana",17.724639,-97.319904,"gbif",NA,156,165,68,1744,273,32,241,166,132,176,131,564,122,4,87,283,15,221,21
"haageana",17.6855,-97.271806,"gbif",NA,143,161,70,1453,256,29,227,150,124,161,122,832,179,7,87,445,30,297,42
"haageana",19.003779,-97.832147,"gbif",NA,169,172,71,1915,284,44,240,184,141,189,141,729,156,6,83,360,25,292,25
"haageana",18.378655,-97.435413,"gbif",NA,193,153,69,1917,300,79,221,212,167,215,166,459,109,3,97,228,12,184,14
"haageana",18.346944,-97.448889,"gbif",NA,194,154,69,1891,303,80,223,213,169,216,168,456,110,3,98,227,12,183,14
"haageana",17.736653,-97.298286,"gbif",NA,149,164,69,1609,264,29,235,158,127,168,126,687,147,4,87,357,20,257,30
"haageana",18.358616,-97.477889,"gbif",NA,168,158,70,1837,276,51,225,185,143,188,141,480,108,3,87,231,17,200,18
"haageana",18.21435,-97.206259,"gbif",NA,232,157,67,2109,348,117,231,244,203,258,203,327,76,2,96,183,7,118,7
"haageana",19.422588,-97.249368,"gbif",NA,126,143,71,1645,225,24,201,134,103,145,103,528,98,9,73,253,31,181,31
"haageana",18.333949,-97.446371,"gbif",NA,191,154,69,1892,298,76,222,210,165,212,164,476,113,3,98,236,13,190,15
"haageana",18.237177,-97.293205,"gbif",NA,220,156,68,2036,332,104,228,228,205,245,192,350,87,2,101,185,8,130,10
"haageana",19.023191,-97.626957,"gbif",NA,138,167,73,1544,250,24,226,147,117,155,116,663,126,5,79,324,24,266,26
"haageana",18.951668,-97.577501,"gbif",NA,140,169,73,1549,254,25,229,149,117,156,117,614,121,4,80,301,23,250,23
"haageana",18.438081,-97.674074,"gbif",NA,163,165,70,1762,275,42,233,179,138,183,137,519,130,3,91,274,16,225,17
"haageana",18.340366,-97.514983,"gbif",NA,192,157,68,1913,302,74,228,211,166,214,165,461,113,3,98,233,12,189,14
"haageana",17.856468,-97.239814,"gbif",NA,146,159,68,1668,259,28,231,155,134,166,122,709,152,5,87,380,25,248,37
"haageana",18.22273,-97.910265,"gbif",NA,229,171,69,2063,346,101,245,242,214,252,199,565,132,3,97,303,12,215,16
"haageana",18.707943,-97.91343,"gbif",NA,195,166,71,1759,307,76,231,207,170,215,170,652,135,4,88,323,15,239,23
"haageana",18.286927,-97.63291,"gbif",NA,176,163,69,1850,288,55,233,194,151,198,150,544,141,3,93,288,14,237,18
"haageana",18.329232,-97.474676,"gbif",NA,201,156,69,1926,310,85,225,219,174,223,174,432,106,3,99,215,12,172,14
"haageana",18.271835,-97.390859,"gbif",NA,167,155,69,1864,275,51,224,180,142,188,141,551,121,5,89,267,21,212,25
"haageana",18.22128,-97.229691,"gbif",NA,231,157,67,2096,346,115,231,242,215,256,202,301,72,1,98,166,5,113,5
"haageana",18.180104,-97.165833,"gbif",NA,235,154,67,2142,349,120,229,247,218,261,205,360,81,2,95,201,8,125,9
"haageana",18.21291,-97.64891,"gbif",NA,167,166,70,1824,280,44,236,185,143,188,141,584,154,4,95,310,17,248,21
"haageana",19.020262,-97.633786,"gbif",NA,153,171,73,1715,267,34,233,165,128,171,128,615,123,4,79,302,23,252,23
"haageana",18.832471,-99.173874,"gbif",NA,232,159,69,1750,349,120,229,238,241,255,209,913,196,4,100,539,20,269,36
"haageana",19.024923,-97.627808,"gbif",NA,138,167,73,1544,250,24,226,147,117,155,116,663,126,5,79,324,24,266,26
"haageana",19.026093,-97.627036,"gbif",NA,136,166,74,1541,246,22,224,145,113,152,113,681,127,5,80,333,24,269,27
"haageana",18.33247,-97.45766,"gbif",NA,202,156,69,1933,311,86,225,221,175,224,175,427,105,3,101,212,12,168,14
"haageana",18.33125,-97.457328,"gbif",NA,202,156,69,1933,311,86,225,221,175,224,175,427,105,3,101,212,12,168,14
"haageana",18.330378,-97.497053,"gbif",NA,198,156,69,1905,307,82,225,216,172,220,171,438,108,3,100,219,12,176,13
"haageana",17.768631,-97.680817,"gbif",NA,172,173,70,1775,288,43,245,183,147,193,147,739,169,5,94,390,19,274,25
"haageana",17.778603,-97.687168,"gbif",NA,192,173,70,1934,307,61,246,205,166,214,165,729,168,4,95,391,16,268,25
"haageana",18.211564,-97.672695,"gbif",NA,169,166,70,1855,282,45,237,188,144,191,143,588,155,3,94,314,16,251,20
"haageana",18.407306,-97.469556,"gbif",NA,168,157,70,1809,275,52,223,184,143,188,142,482,107,3,87,234,17,200,18
"haageana",17.817528,-97.320833,"gbif",NA,155,162,66,1916,271,29,242,167,129,177,127,533,114,3,89,271,13,213,18
"haageana",18.243699,-97.484779,"gbif",NA,171,159,69,1876,281,52,229,190,146,193,145,537,126,4,91,263,18,220,22
"haageana",18.330199,-97.457107,"gbif",NA,202,156,69,1933,311,86,225,221,175,224,175,427,105,3,101,212,12,168,14
"haageana",18.330403,-97.456936,"gbif",NA,202,156,69,1933,311,86,225,221,175,224,175,427,105,3,101,212,12,168,14
"haageana",18.330533,-97.457571,"gbif",NA,202,156,69,1933,311,86,225,221,175,224,175,427,105,3,101,212,12,168,14
"haageana",18.623667,-97.4625,"gbif",NA,160,160,70,1767,271,45,226,176,134,179,134,452,99,3,88,233,16,188,16
"haageana",18.236194,-97.571556,"gbif",NA,167,162,69,1822,278,46,232,184,143,188,141,547,138,4,92,279,18,232,21
"haageana",18.239722,-97.547167,"gbif",NA,170,161,69,1862,280,48,232,187,144,191,143,543,133,4,91,273,18,228,22
"haageana",18.319222,-97.458889,"gbif",NA,205,156,69,1964,314,88,226,215,177,227,177,421,104,3,100,210,12,165,14
"haageana",18.375944,-97.435861,"gbif",NA,193,153,69,1917,300,79,221,212,167,215,166,459,109,3,97,228,12,184,14
"haageana",18.349278,-97.47875,"gbif",NA,180,156,69,1875,287,63,224,198,154,201,153,504,116,4,92,248,15,205,18
"haageana",18.36,-97.475361,"gbif",NA,149,162,70,1665,261,32,229,163,125,167,125,505,122,4,89,255,19,207,20
"haageana",18.353806,-97.478139,"gbif",NA,168,158,70,1837,276,51,225,185,143,188,141,480,108,3,87,231,17,200,18
"haageana",18.357139,-97.4805,"gbif",NA,168,158,70,1837,276,51,225,185,143,188,141,480,108,3,87,231,17,200,18
"haageana",18.359472,-97.482722,"gbif",NA,151,162,70,1697,263,34,229,166,128,170,127,486,119,4,91,246,18,202,19
"haageana",18.682167,-97.382222,"gbif",NA,153,159,71,1719,263,40,223,168,128,172,128,501,102,5,83,250,22,186,22
"haageana",18.255556,-97.453139,"gbif",NA,154,160,69,1763,265,35,230,165,129,173,128,485,118,4,91,242,17,198,20
"haageana",18.232194,-97.435528,"gbif",NA,157,159,69,1805,268,38,230,169,132,178,131,508,121,4,90,252,18,205,21
"haageana",18.404472,-97.519222,"gbif",NA,158,162,70,1744,269,40,229,174,133,178,133,472,115,3,90,241,16,202,16
"haageana",18.26825,-97.50025,"gbif",NA,188,158,69,1903,298,70,228,207,163,210,161,499,121,3,97,249,14,203,16
"haageana",18.43075,-97.474861,"gbif",NA,170,156,70,1803,277,55,222,187,146,191,145,486,108,3,89,239,16,202,17
"haageana",18.706556,-97.403889,"gbif",NA,146,163,72,1597,258,33,225,155,123,164,123,492,96,4,80,240,24,176,24
"haageana",18.697833,-97.408583,"gbif",NA,147,163,72,1596,259,34,225,157,124,165,124,487,97,4,81,237,24,178,24
"haageana",18.201611,-97.532917,"gbif",NA,155,163,69,1784,268,34,234,167,131,176,130,510,130,4,94,261,17,212,19
"haageana",18.4195,-97.466944,"gbif",NA,173,156,70,1832,280,58,222,191,148,194,147,493,109,4,89,242,15,202,18
"haageana",18.705139,-97.405361,"gbif",NA,146,163,72,1597,258,33,225,155,123,164,123,492,96,4,80,240,24,176,24
"haageana",17.578083,-97.090667,"gbif",NA,142,154,70,1394,252,34,218,147,134,159,122,943,197,9,88,518,34,308,52
"haageana",18.760194,-97.520889,"gbif",NA,156,167,72,1697,269,39,230,170,131,174,131,424,93,2,82,216,17,178,17
"haageana",18.737139,-97.556778,"gbif",NA,148,169,73,1613,263,32,231,161,124,165,124,476,103,2,85,240,17,197,17
"haageana",18.73825,-97.620306,"gbif",NA,168,166,70,1850,282,48,234,185,142,188,141,470,107,3,85,240,18,205,19
"haageana",18.603833,-97.463889,"gbif",NA,168,156,70,1822,276,54,222,185,143,188,142,501,106,4,87,252,17,204,19
"haageana",18.608333,-97.471667,"gbif",NA,168,157,70,1839,276,54,222,185,143,189,142,502,106,4,87,253,17,205,19
"haageana",18.345306,-97.361028,"gbif",NA,209,152,68,1951,318,97,221,218,182,232,182,423,103,3,97,214,13,159,13
"haageana",18.321111,-97.649444,"gbif",NA,176,163,69,1855,287,54,233,194,151,197,149,536,140,3,94,288,13,235,17
"haageana",18.367639,-97.590944,"gbif",NA,176,161,70,1839,286,57,229,194,152,197,150,506,125,3,91,263,14,218,17
"haageana",18.366194,-97.602583,"gbif",NA,177,161,70,1878,288,58,230,196,152,199,151,508,127,3,92,265,13,220,16
"haageana",18.280472,-97.330861,"gbif",NA,219,155,68,2005,331,104,227,227,204,243,191,361,92,1,102,191,8,136,10
"haageana",18.201,-97.528278,"gbif",NA,160,162,69,1807,272,38,234,172,135,181,134,537,136,4,93,274,18,223,21
"haageana",18.33475,-97.633778,"gbif",NA,170,163,69,1841,282,49,233,189,146,191,144,529,136,3,92,281,14,231,17
"haageana",18.347417,-97.576222,"gbif",NA,185,160,69,1879,295,66,229,204,159,206,158,492,122,3,94,254,12,209,15
"haageana",18.663333,-97.456389,"gbif",NA,156,162,71,1709,267,41,226,171,131,175,131,438,95,3,85,227,16,180,16
"haageana",18.373889,-97.437222,"gbif",NA,191,153,69,1886,298,77,221,209,166,213,165,467,111,3,99,232,12,187,14
"haageana",18.195833,-97.505833,"gbif",NA,166,161,69,1861,277,45,232,184,141,187,140,550,133,4,92,272,18,227,22
"haageana",18.590278,-97.470556,"gbif",NA,173,155,70,1831,279,59,220,190,147,193,147,506,106,4,86,252,16,204,19
"haageana",18.329937,-97.455476,"gbif",NA,203,155,69,1928,312,88,224,221,177,225,176,425,104,3,100,211,12,167,14
"haageana",18.216639,-97.414722,"gbif",NA,160,157,68,1824,270,42,228,172,136,181,134,539,124,5,90,266,19,212,23
"haageana",18.318917,-97.499444,"gbif",NA,201,157,69,1930,310,84,226,219,174,223,174,430,107,3,102,216,11,173,13
"haageana",18.361861,-97.363611,"gbif",NA,205,151,68,1920,312,93,219,214,178,227,178,453,107,4,97,227,15,170,18
"haageana",18.317972,-97.38,"gbif",NA,212,154,68,1969,321,97,224,221,184,235,184,404,101,2,101,207,12,152,14
"haageana",18.338806,-97.452111,"gbif",NA,197,155,69,1935,305,82,223,216,171,219,170,449,109,3,99,222,13,178,15
"haageana",18.319389,-97.38,"gbif",NA,212,154,68,1969,321,97,224,221,184,235,184,404,101,2,101,207,12,152,14
"haageana",18.311972,-97.379722,"gbif",NA,208,154,69,1973,316,93,223,217,180,231,180,428,105,3,100,217,13,161,16
"haageana",18.255361,-97.4925,"gbif",NA,179,158,69,1907,288,60,228,197,153,200,152,536,127,4,93,265,17,219,21
"haageana",18.402611,-97.512389,"gbif",NA,160,161,70,1805,271,41,230,176,133,180,133,471,113,3,89,239,16,202,16
"haageana",18.41025,-97.484806,"gbif",NA,168,158,70,1833,276,51,225,185,143,188,142,480,107,3,87,235,16,201,17
"haageana",18.404889,-97.526167,"gbif",NA,156,163,70,1765,268,37,231,172,130,176,130,474,117,3,91,244,16,204,16
"haageana",18.318083,-97.555972,"gbif",NA,193,159,69,1917,303,74,229,212,167,215,166,464,116,3,99,236,12,192,13
"haageana",18.40475,-97.449167,"gbif",NA,173,155,69,1857,279,57,222,191,147,194,147,499,109,4,89,241,17,201,19
"haageana",18.39025,-97.572444,"gbif",NA,169,161,70,1841,279,50,229,187,144,190,142,493,119,3,89,253,15,214,17
"haageana",18.607111,-97.474806,"gbif",NA,169,157,70,1802,277,54,223,186,144,189,143,498,106,4,87,253,16,205,19
"haageana",18.250833,-97.550083,"gbif",NA,184,160,69,1909,295,64,231,203,158,206,157,528,131,3,94,268,15,221,18
"haageana",18.48266,-97.53944,"gbif",NA,176,158,70,1801,283,60,223,194,151,196,150,487,110,3,90,247,13,205,16
"haageana",17.822167,-97.796556,"gbif",NA,197,174,70,1904,312,65,247,210,170,219,170,764,168,3,95,405,13,270,24
"haageana",18.03202,-97.69344,"gbif",NA,162,169,70,1732,276,37,239,174,139,183,138,655,164,4,97,349,19,260,21
"haageana",17.94036,-97.87583,"gbif",NA,185,173,71,1797,300,57,243,197,160,206,160,717,180,2,100,395,15,269,18
"haageana",18.08663,-97.93318,"gbif",NA,217,172,70,1984,333,88,245,230,189,239,188,633,152,3,100,344,11,238,15
"haageana",18.340583,-97.446972,"gbif",NA,191,154,69,1892,298,76,222,210,165,212,164,476,113,3,98,236,13,190,15
"haageana",18.340806,-97.448333,"gbif",NA,197,155,69,1935,305,82,223,216,171,219,170,449,109,3,99,222,13,178,15
"haageana",18.340444,-97.447333,"gbif",NA,191,154,69,1892,298,76,222,210,165,212,164,476,113,3,98,236,13,190,15
"haageana",18.41925,-97.420417,"gbif",NA,184,151,69,1863,289,71,218,195,158,204,158,498,120,4,96,249,14,193,16
"haageana",18.224833,-97.502222,"gbif",NA,158,162,69,1806,270,38,232,170,133,179,132,517,129,4,91,260,18,214,21
"haageana",18.342111,-97.449528,"gbif",NA,194,154,69,1891,303,80,223,213,169,216,168,456,110,3,98,227,12,183,14
"haageana",18.337278,-97.446583,"gbif",NA,191,154,69,1892,298,76,222,210,165,212,164,476,113,3,98,236,13,190,15
"haageana",18.202778,-97.663889,"gbif",NA,170,165,69,1834,282,46,236,188,145,191,144,590,155,3,94,314,16,252,20
"haageana",18.199444,-97.1575,"gbif",NA,235,152,66,2100,348,121,227,247,218,260,206,400,87,3,94,223,11,136,11
"haageana",18.320694,-97.426111,"gbif",NA,203,154,68,1950,312,88,224,213,176,225,176,433,106,3,99,217,12,168,15
"haageana",18.3235,-97.435056,"gbif",NA,206,155,69,1934,315,91,224,216,180,229,179,421,104,3,99,211,13,162,15
"haageana",18.303917,-97.359722,"gbif",NA,210,153,68,1982,320,97,223,219,195,234,183,419,104,3,101,215,13,156,16
"haageana",18.319972,-97.448056,"gbif",NA,205,155,68,1940,314,89,225,215,178,227,177,422,104,3,100,211,12,164,14
"haageana",18.316778,-97.440556,"gbif",NA,204,155,68,1970,314,89,225,214,177,227,177,425,105,3,101,212,12,166,14
"haageana",18.322583,-97.435556,"gbif",NA,206,155,69,1934,315,91,224,216,180,229,179,421,104,3,99,211,13,162,15
"haageana",18.228056,-97.415278,"gbif",NA,155,159,69,1792,266,37,229,166,131,176,129,509,121,5,90,254,18,204,21
"haageana",18.215833,-97.415,"gbif",NA,161,158,68,1839,271,42,229,173,135,182,134,536,124,5,90,264,19,212,23
"haageana",17.936,-97.296389,"gbif",NA,152,159,67,1883,266,30,236,163,126,173,125,609,132,4,89,314,20,225,28
"haageana",17.934361,-97.295528,"gbif",NA,152,159,67,1883,266,30,236,163,126,173,125,609,132,4,89,314,20,225,28
"haageana",18.70227,-97.40766,"gbif",NA,148,163,72,1610,260,35,225,158,124,166,124,484,97,4,81,236,24,178,24
"haageana",18.235833,-97.555833,"gbif",NA,172,161,69,1902,283,51,232,191,146,194,145,548,135,4,92,278,17,232,21
"haageana",18.309444,-97.510833,"gbif",NA,200,158,69,1950,310,82,228,219,173,222,172,436,108,3,100,218,12,175,13
"haageana",18.268056,-97.501389,"gbif",NA,188,158,69,1903,298,70,228,207,163,210,161,499,121,3,97,249,14,203,16
"haageana",18.268611,-97.5025,"gbif",NA,188,158,69,1903,298,70,228,207,163,210,161,499,121,3,97,249,14,203,16
"haageana",18.337222,-97.576389,"gbif",NA,188,160,69,1900,299,69,230,207,162,210,161,484,121,3,96,249,12,204,14
"haageana",18.393889,-97.571111,"gbif",NA,162,162,70,1789,273,43,230,179,137,182,136,488,120,3,91,251,16,211,17
"haageana",18.287222,-97.501111,"gbif",NA,193,158,69,1929,303,75,228,212,167,216,166,470,115,3,98,235,13,190,15
"haageana",18.236667,-97.5525,"gbif",NA,172,161,69,1902,283,51,232,191,146,194,145,548,135,4,92,278,17,232,21
"haageana",18.303333,-97.503056,"gbif",NA,198,158,69,1944,308,81,227,217,172,221,171,443,110,3,101,221,13,178,14
"haageana",18.1875,-97.554167,"gbif",NA,152,164,69,1720,266,31,235,163,129,172,127,520,132,4,93,267,17,215,20
"haageana",18.702222,-97.4075,"gbif",NA,148,163,72,1610,260,35,225,158,124,166,124,484,97,4,81,236,24,178,24
"haageana",18.363889,-97.443333,"gbif",NA,184,154,69,1855,291,70,221,202,159,205,158,498,116,4,96,244,14,197,16
"haageana",18.3625,-97.435278,"gbif",NA,189,153,69,1893,296,75,221,208,164,211,163,477,114,3,99,236,12,190,14
"haageana",18.350833,-97.474444,"gbif",NA,168,158,70,1837,276,51,225,185,143,188,141,480,108,3,87,231,17,200,18
"haageana",18.346694,-97.474722,"gbif",NA,180,156,69,1875,287,63,224,198,154,201,153,504,116,4,92,248,15,205,18
"haageana",18.384722,-97.449167,"gbif",NA,178,154,69,1816,284,63,221,195,153,198,152,501,111,4,93,244,15,200,18
"haageana",18.361389,-97.515278,"gbif",NA,182,157,69,1891,291,65,226,200,156,204,155,488,116,3,94,246,13,204,15
"haageana",18.374722,-97.515278,"gbif",NA,163,160,69,1811,273,44,229,180,138,183,136,481,114,3,88,240,17,205,18
"haageana",18.357222,-97.518333,"gbif",NA,185,157,69,1900,294,67,227,204,159,206,158,485,116,3,95,245,12,202,15
"haageana",18.352778,-97.473611,"gbif",NA,168,158,70,1837,276,51,225,185,143,188,141,480,108,3,87,231,17,200,18
"haageana",18.359167,-97.514722,"gbif",NA,174,158,70,1818,282,57,225,192,149,194,148,496,115,3,90,247,15,208,18
"haageana",18.344167,-97.518889,"gbif",NA,188,157,69,1905,297,71,226,207,162,210,161,475,115,3,97,240,12,197,14
"haageana",18.349167,-97.521111,"gbif",NA,188,157,69,1905,297,71,226,207,162,210,161,475,115,3,97,240,12,197,14
"haageana",18.356944,-97.515,"gbif",NA,185,157,69,1900,294,67,227,204,159,206,158,485,116,3,95,245,12,202,15
"haageana",18.740833,-97.620278,"gbif",NA,168,166,70,1850,282,48,234,185,142,188,141,470,107,3,85,240,18,205,19
"haageana",18.8,-97.5075,"gbif",NA,159,165,71,1759,272,42,230,175,133,178,133,417,94,2,84,217,15,177,15
"haageana",18.163056,-97.263889,"gbif",NA,229,160,68,2094,345,111,234,241,214,255,200,276,69,1,102,152,4,106,5
"haageana",17.850556,-97.023056,"gbif",NA,253,139,62,2423,363,139,224,269,219,283,219,466,101,2,102,277,8,142,8
"haageana",18.23,-97.152222,"gbif",NA,230,155,67,2043,344,116,228,240,214,254,201,405,87,3,95,225,11,136,11
"haageana",18.411667,-97.429167,"gbif",NA,175,153,69,1851,280,60,220,193,149,195,149,512,110,4,90,246,17,202,19
"haageana",17.82216,-97.79655,"gbif",NA,197,174,70,1904,312,65,247,210,170,219,170,764,168,3,95,405,13,270,24
"haageana",19.476111,-97.362778,"gbif",NA,140,145,69,1820,240,32,208,157,114,160,114,343,66,5,73,157,18,142,20
"haageana",17.833333,-97.55,"gbif",NA,143,165,71,1507,257,25,232,152,122,161,122,769,188,5,92,418,24,304,30
"haageana",18.733333,-97.433333,"gbif",NA,147,164,72,1625,259,33,226,157,123,165,123,463,92,3,82,224,20,173,20
"haageana",17.65,-97.483333,"gbif",NA,151,169,71,1543,267,29,238,160,130,169,129,760,171,7,89,396,23,302,30
"haageana",18.7,-97.45,"gbif",NA,146,165,72,1620,259,32,227,159,122,164,122,472,97,3,83,230,20,181,20
"haageana",18.716667,-99.1,"gbif",NA,242,173,68,2075,368,115,253,254,230,269,214,865,185,3,102,523,18,257,27
"haageana",17.766667,-97.75,"gbif",NA,194,175,70,1877,309,62,247,207,168,215,167,753,168,4,95,401,15,270,25
"haageana",17.716667,-97.666667,"gbif",NA,163,173,70,1641,279,35,244,173,140,182,139,742,167,5,93,391,22,280,25
"haageana",18.133333,-97.133333,"gbif",NA,235,152,66,2148,348,121,227,247,219,261,205,375,83,2,96,209,8,128,9
"haageana",17.7,-97.533333,"gbif",NA,161,172,70,1698,278,34,244,172,138,181,137,653,142,6,90,329,19,251,26
"haageana",17.833333,-97.233333,"gbif",NA,149,160,68,1741,263,29,234,160,125,170,124,652,139,4,87,345,21,233,32
"haageana",17.733333,-97.9,"gbif",NA,189,177,72,1697,304,60,244,200,165,209,165,794,177,3,94,430,16,279,16
"haageana",18.25,-97.55,"gbif",NA,180,161,69,1907,290,59,231,198,154,201,153,546,134,4,93,276,17,229,21
"haageana",18.333333,-97.5,"gbif",NA,197,157,69,1919,306,80,226,215,171,219,170,441,109,3,101,221,12,178,13
"haageana",18.75,-97.416667,"gbif",NA,152,163,72,1681,263,37,226,166,127,170,127,461,93,4,80,226,22,174,22
"haageana",18.85694,-97.70972,"gbif",NA,178,168,71,1879,292,56,236,195,151,198,151,578,127,5,82,279,22,241,22
"albilanata",17.6068888888889,-98.5142694444444,"herbarios",NA,234,154,66,1933,347,114,233,238,210,259,208,798,165,3,98,464,13,247,20
"albilanata",18.2576111111111,-99.24425,"herbarios",NA,241,154,66,1829,360,128,232,245,219,265,217,1021,225,2,106,638,13,91,20
"albilanata",17.113275,-99.5655222222222,"herbarios",NA,278,141,76,896,370,186,184,278,280,290,267,1281,317,1,108,786,5,287,66
"albilanata",17.9658333333333,-98.4875,"herbarios",NA,236,164,65,2149,358,109,249,242,208,263,206,851,179,2,100,488,13,274,18
"albilanata",16.8958555555556,-96.6983666666667,"herbarios",NA,194,152,70,1520,299,82,217,202,173,212,172,699,153,2,93,373,10,271,15
"haageana",18.7258333333333,-97.2436111111111,"herbarios",NA,178,137,68,1816,275,76,199,189,162,198,152,809,150,11,82,429,40,240,53
"haageana",17.7400833333333,-97.7089722222222,"herbarios",NA,178,174,70,1819,295,48,247,191,153,200,153,770,174,5,93,412,19,279,26
"haageana",18.4875861111111,-97.9954416666667,"herbarios",NA,200,168,71,1753,313,79,234,211,175,220,175,668,155,3,95,365,11,246,18
"haageana",17.3341666666667,-97.54975,"herbarios",NA,167,180,73,1490,283,38,245,176,146,185,146,826,176,7,91,443,23,301,30
"haageana",19.3866666666667,-97.4077777777778,"herbarios",NA,149,151,70,1832,251,37,214,163,123,168,123,383,77,5,75,175,17,157,20
"haageana",18.3061111111111,-97.5241666666667,"herbarios",NA,195,158,69,1908,305,77,228,214,169,217,168,454,113,3,101,229,12,185,13
"haageana",18.3357777777778,-97.471275,"herbarios",NA,194,155,69,1908,303,79,224,213,168,216,168,453,110,3,100,226,12,182,14
"haageana",18.6236666666667,-97.4625,"herbarios",NA,160,160,70,1767,271,45,226,176,134,179,134,452,99,3,88,233,16,188,16
"haageana",18.3347222222222,-97.4575,"herbarios",NA,194,155,69,1905,303,79,224,213,168,216,167,457,110,3,98,227,12,183,14
"haageana",17.57125,-97.1721388888889,"herbarios",NA,154,164,70,1453,268,37,231,161,134,171,133,675,147,5,89,363,18,247,31
"albilanata",19.313985,-99.190316,"gbs","Jardin Botanico",155,172,68,2092,272,22,250,168,126,178,126,853,181,6,94,505,24,239,24
"albilanata",19.313985,-99.190316,"gbs","Espacio escultorico tejido",155,172,68,2092,272,22,250,168,126,178,126,853,181,6,94,505,24,239,24
"haageana",18.2133055555556,-97.6491388888889,"gbs","CC027",167,166,70,1824,280,44,236,185,143,188,141,584,154,4,95,310,17,248,21
"haageana",18.2133055555556,-97.6491388888889,"gbs","CC027",167,166,70,1824,280,44,236,185,143,188,141,584,154,4,95,310,17,248,21
"haageana",18.0843611111111,-97.6956388888889,"gbs","CC028",174,168,70,1845,287,47,240,191,149,195,147,653,167,4,95,345,18,268,23
"haageana",18.0843611111111,-97.6956388888889,"gbs","CC028",174,168,70,1845,287,47,240,191,149,195,147,653,167,4,95,345,18,268,23
"albilanata",17.4888055555556,-97.2167222222222,"gbs","CC033",162,172,73,1364,277,42,235,169,143,178,142,570,122,4,88,287,16,218,23
"albilanata",17.4888055555556,-97.2167222222222,"gbs","CC033",162,172,73,1364,277,42,235,169,143,178,142,570,122,4,88,287,16,218,23
"albilanata",17.4728055555556,-97.2078888888889,"gbs","CC034",161,171,72,1358,277,42,235,168,142,177,142,584,127,4,89,300,16,224,23
"albilanata",17.4728055555556,-97.2078888888889,"gbs","CC034",161,171,72,1358,277,42,235,168,142,177,142,584,127,4,89,300,16,224,23
"albilanata",17.4365,-97.0455,"gbs","CC035",168,164,71,1431,282,52,230,175,150,186,148,656,134,5,89,355,19,228,25
"albilanata",17.4365,-97.0455,"gbs","CC035",168,164,71,1431,282,52,230,175,150,186,148,656,134,5,89,355,19,228,25
"albilanata",17.45975,-97.1041666666667,"gbs","CC038",161,166,72,1380,275,45,230,167,143,178,141,588,132,4,90,318,14,222,22
"albilanata",17.45975,-97.1041666666667,"gbs","CC038",161,166,72,1380,275,45,230,167,143,178,141,588,132,4,90,318,14,222,22
"albilanata",17.2669166666667,-97.2948333333333,"gbs","CC039",169,175,73,1376,284,46,238,176,150,185,149,830,173,6,89,458,26,305,30
"albilanata",17.2669166666667,-97.2948333333333,"gbs","CC039",169,175,73,1376,284,46,238,176,150,185,149,830,173,6,89,458,26,305,30
"haageana",17.7289722222222,-97.7016111111111,"gbs","CC045",176,174,70,1813,292,46,246,188,151,198,151,766,172,5,93,410,19,277,26
"haageana",17.7289722222222,-97.7016111111111,"gbs","CC045",176,174,70,1813,292,46,246,188,151,198,151,766,172,5,93,410,19,277,26
"haageana",18.4473888888889,-97.4596111111111,"gbs","CC023",178,154,70,1800,283,64,219,195,153,198,152,491,108,4,92,242,14,199,16
"haageana",18.4473888888889,-97.4596111111111,"gbs","CC023",178,154,70,1800,283,64,219,195,153,198,152,491,108,4,92,242,14,199,16
"haageana",18.3333333333333,-97.4596111111111,"gbs","CC024",202,156,69,1933,311,86,225,221,175,224,175,427,105,3,101,212,12,168,14
"haageana",18.2556666666667,-97.4935,"gbs","CC025",179,158,69,1907,288,60,228,197,153,200,152,536,127,4,93,265,17,219,21
"haageana",18.2556666666667,-97.4935,"gbs","CC025",179,158,69,1907,288,60,228,197,153,200,152,536,127,4,93,265,17,219,21
"haageana",18.2879444444444,-97.5009722222222,"gbs","CC026",193,158,69,1929,303,75,228,212,167,216,166,470,115,3,98,235,13,190,15
"haageana",18.4021111111111,-97.4393888888889,"gbs","CC030",181,153,69,1856,287,67,220,191,155,202,155,501,115,4,94,245,14,198,16
"haageana",18.4021111111111,-97.4393888888889,"gbs","CC030",181,153,69,1856,287,67,220,191,155,202,155,501,115,4,94,245,14,198,16
"haageana",18.3870833333333,-97.4451388888889,"gbs","CC031",191,153,69,1897,298,77,221,210,166,213,165,461,109,3,98,230,12,186,14
"haageana",18.3870833333333,-97.4451388888889,"gbs","CC031",191,153,69,1897,298,77,221,210,166,213,165,461,109,3,98,230,12,186,14
"haageana",18.3578333333333,-97.4374444444445,"gbs","CC032",191,153,68,1912,298,76,222,209,165,213,164,474,113,3,98,235,12,189,14
"haageana",18.3578333333333,-97.4374444444445,"gbs","CC032",191,153,68,1912,298,76,222,209,165,213,164,474,113,3,98,235,12,189,14
"haageana",19.3877222222222,-97.4187777777778,"gbs","CC020",149,152,70,1820,251,36,215,164,123,168,123,388,78,5,75,178,17,159,17
"haageana",19.3877222222222,-97.4187777777778,"gbs","CC020",149,152,70,1820,251,36,215,164,123,168,123,388,78,5,75,178,17,159,17
"haageana",19.3877222222222,-97.4187777777778,"gbs","CC020",149,152,70,1820,251,36,215,164,123,168,123,388,78,5,75,178,17,159,17
"haageana",19.4956388888889,-97.2881666666667,"gbs","CC021",132,141,70,1780,230,29,201,142,107,152,107,406,81,8,72,181,26,147,28
"haageana",19.4956388888889,-97.2881666666667,"gbs","CC021",132,141,70,1780,230,29,201,142,107,152,107,406,81,8,72,181,26,147,28
"haageana",19.4956388888889,-97.2881666666667,"gbs","CC021",132,141,70,1780,230,29,201,142,107,152,107,406,81,8,72,181,26,147,28
"haageana",18.84725,-97.3821944444444,"gbs","CC022",137,164,73,1501,249,25,224,142,116,153,115,535,108,4,84,286,22,97,24
"haageana",18.84725,-97.3821944444444,"gbs","CC022",137,164,73,1501,249,25,224,142,116,153,115,535,108,4,84,286,22,97,24
"haageana",18.84725,-97.3821944444444,"gbs","CC022",137,164,73,1501,249,25,224,142,116,153,115,535,108,4,84,286,22,97,24
"haageana",18.7583888888889,-97.2435,"gbs","CC029",194,130,67,1899,288,95,193,208,176,215,167,1172,222,17,84,627,60,346,61
"haageana",18.7583888888889,-97.2435,"gbs","CC029",194,130,67,1899,288,95,193,208,176,215,167,1172,222,17,84,627,60,346,61
"haageana",18.7583888888889,-97.2435,"gbs","CC029",194,130,67,1899,288,95,193,208,176,215,167,1172,222,17,84,627,60,346,61
"albilanata",17.4820555555556,-97.0452222222222,"gbs","CC036",193,159,68,1800,305,73,232,202,169,214,167,579,126,5,92,319,16,204,21
"albilanata",17.4820555555556,-97.0452222222222,"gbs","CC036",193,159,68,1800,305,73,232,202,169,214,167,579,126,5,92,319,16,204,21
"albilanata",17.4820555555556,-97.0452222222222,"gbs","CC036",193,159,68,1800,305,73,232,202,169,214,167,579,126,5,92,319,16,204,21
"albilanata",17.4676944444444,-97.0601944444445,"gbs","CC037",178,161,69,1622,291,60,231,186,157,198,155,682,140,5,92,376,19,234,25
"albilanata",17.3440833333333,-96.9384166666667,"gbs","CC040",172,159,70,1468,282,58,224,179,153,190,151,755,152,5,91,417,20,258,27
"albilanata",17.3440833333333,-96.9384166666667,"gbs","CC040",172,159,70,1468,282,58,224,179,153,190,151,755,152,5,91,417,20,258,27
"albilanata",17.3440833333333,-96.9384166666667,"gbs","CC040",172,159,70,1468,282,58,224,179,153,190,151,755,152,5,91,417,20,258,27
"albilanata",16.6702777777778,-96.1010833333333,"gbs","CC043",224,143,68,1660,324,114,210,235,200,243,200,701,156,4,96,389,13,238,13
"albilanata",16.6702777777778,-96.1010833333333,"gbs","CC043",224,143,68,1660,324,114,210,235,200,243,200,701,156,4,96,389,13,238,13
"albilanata",16.6702777777778,-96.1010833333333,"gbs","CC043",224,143,68,1660,324,114,210,235,200,243,200,701,156,4,96,389,13,238,13
"albilanata",16.4033333333333,-95.4535833333333,"gbs","CC044",254,124,70,1476,338,161,177,262,232,270,232,684,182,0,114,439,3,195,3
"albilanata",16.4033333333333,-95.4535833333333,"gbs","CC044",254,124,70,1476,338,161,177,262,232,270,232,684,182,0,114,439,3,195,3
"albilanata",16.4033333333333,-95.4535833333333,"gbs","CC044",254,124,70,1476,338,161,177,262,232,270,232,684,182,0,114,439,3,195,3
"albilanata",17.6515277777778,-97.9785555555556,"gbs","CC046",216,172,69,1903,333,87,246,227,190,239,189,753,169,2,97,419,13,270,19
"albilanata",17.6515277777778,-97.9785555555556,"gbs","CC046",216,172,69,1903,333,87,246,227,190,239,189,753,169,2,97,419,13,270,19
"albilanata",17.6515277777778,-97.9785555555556,"gbs","CC046",216,172,69,1903,333,87,246,227,190,239,189,753,169,2,97,419,13,270,19
"albilanata",18.2557,-99.2570972222222,"gbs","CC047",239,153,66,1828,358,128,230,244,218,264,216,1036,227,2,106,645,13,94,21
"albilanata",19.5797277777778,-103.924363888889,"gbs","M_reppen",247,155,67,1943,358,128,230,261,236,269,219,682,152,3,94,402,15,284,54
"albilanata",16.5527777777778,-94.9472222222222,"col_cactus",NA,269,96,62,1713,348,194,154,278,252,288,245,936,241,4,108,555,15,275,17
"albilanata",16.2858333333333,-92.1697222222222,"col_cactus",NA,170,136,74,1097,261,79,182,176,155,183,155,959,186,11,79,431,42,333,42
"albilanata",16.0822222222222,-92.0438888888889,"col_cactus",NA,193,140,74,1140,287,99,188,198,182,206,176,1019,216,9,87,481,35,338,40
"haageana",18.2855555555556,-97.6391666666667,"col_cactus",NA,176,163,69,1850,288,55,233,194,151,198,150,544,141,3,93,288,14,237,18
"haageana",18.1936111111111,-97.2641666666667,"col_cactus",NA,226,158,67,2091,341,108,233,237,210,251,197,303,74,1,101,163,6,114,8
"haageana",18.3955555555556,-97.4436111111111,"col_cactus",NA,187,153,69,1883,294,74,220,206,162,209,161,474,112,3,97,235,12,190,14
"haageana",17.2522222222222,-97.48,"col_cactus",NA,175,180,73,1519,290,45,245,186,154,193,153,853,177,7,87,466,28,301,38
"haageana",17.345,-96.9355555555556,"col_cactus",NA,172,159,70,1468,282,58,224,179,153,190,151,755,152,5,91,417,20,258,27
"haageana",17.1558333333333,-97.3338888888889,"col_cactus",NA,183,176,72,1506,298,56,242,192,162,201,161,1016,204,9,87,569,38,347,44
"haageana",17.4633333333333,-97.3494444444444,"col_cactus",NA,162,175,72,1434,279,39,240,171,143,179,142,665,141,5,88,339,20,256,25
"haageana",18.6769444444444,-97.7188888888889,"col_cactus",NA,180,163,70,1830,292,61,231,197,154,200,154,559,120,4,86,268,16,233,22
"haageana",17.6383333333333,-97.5055555555555,"col_cactus",NA,152,170,71,1539,268,29,239,161,131,171,130,761,171,7,89,395,23,303,30
"haageana",17.4286111111111,-97.3763888888889,"col_cactus",NA,156,170,72,1425,271,36,235,162,136,173,135,751,165,7,89,397,24,293,28
"haageana",18.1355555555556,-97.1258333333333,"col_cactus",NA,238,148,66,2176,349,126,223,251,220,265,208,447,94,3,93,247,11,147,12
"haageana",17.5494444444444,-97.38,"col_cactus",NA,155,170,71,1463,270,33,237,162,134,172,134,749,156,7,86,383,23,288,31
"haageana",18.4466666666667,-97.2502777777778,"col_cactus",NA,153,151,69,1701,259,43,216,163,128,172,128,682,152,8,87,360,31,247,31
"haageana",17.6358333333333,-97.1994444444444,"col_cactus",NA,151,163,70,1476,265,34,231,158,131,168,129,722,152,6,87,383,22,258,35
"haageana",17.8013888888889,-97.5369444444444,"col_cactus",NA,158,169,69,1763,275,31,244,174,134,179,133,642,142,5,93,327,18,249,23
"haageana",17.4583333333333,-97.2194444444444,"col_cactus",NA,167,175,73,1333,283,45,238,173,148,182,147,515,116,4,91,256,14,205,18
"haageana",17.5094444444444,-97.4430555555556,"col_cactus",NA,158,174,72,1477,275,34,241,167,138,176,137,732,156,6,87,377,22,285,29
"haageana",17.3372222222222,-97.465,"col_cactus",NA,156,171,73,1330,270,36,234,163,137,173,137,788,181,7,92,428,26,308,26
"haageana",18.1783333333333,-97.7416666666667,"col_cactus",NA,203,168,69,1966,317,76,241,216,176,225,174,533,137,3,101,280,12,213,13
"haageana",17.4461111111111,-97.2602777777778,"col_cactus",NA,169,175,72,1426,285,45,240,176,149,185,148,615,133,5,88,314,18,236,22
"haageana",17.2827777777778,-97.2602777777778,"col_cactus",NA,171,175,73,1366,286,49,237,178,152,188,151,913,186,7,87,503,31,320,35
"haageana",17.8369444444444,-97.2602777777778,"col_cactus",NA,155,159,67,1835,270,33,237,166,130,177,129,573,122,3,89,297,15,213,24
"haageana",18.2252777777778,-97.4872222222222,"col_cactus",NA,174,159,69,1899,283,54,229,192,148,196,147,551,130,4,92,271,18,224,23
"haageana",18.8563888888889,-99.1180555555555,"col_cactus",NA,222,154,71,1501,332,118,214,226,214,241,202,948,210,4,104,577,17,282,28
"haageana",18.8852777777778,-97.7277777777778,"col_cactus",NA,177,171,71,1891,292,53,239,194,149,197,149,597,132,5,83,291,23,248,29
"haageana",17.3330555555556,-97.1761111111111,"col_cactus",NA,166,171,73,1311,280,47,233,172,148,182,147,679,146,4,89,368,19,256,23
"haageana",17.4063888888889,-97.2672222222222,"col_cactus",NA,170,176,73,1389,286,46,240,177,151,186,150,699,144,5,87,365,21,260,26
"haageana",17.4858333333333,-97.2266666666667,"col_cactus",NA,161,171,72,1373,276,41,235,168,142,177,141,600,128,5,87,305,17,228,25
"haageana",17.3563888888889,-97.2302777777778,"col_cactus",NA,169,175,73,1349,285,47,238,176,151,186,150,722,146,5,87,383,22,266,25
"haageana",17.4880555555556,-97.4011111111111,"col_cactus",NA,146,164,71,1352,259,31,228,152,127,163,127,864,186,10,87,459,33,321,36
"haageana",17.7258333333333,-97.2605555555556,"col_cactus",NA,147,163,70,1549,262,30,232,156,126,166,125,725,154,5,87,381,24,263,35
"haageana",17.4247222222222,-97.425,"col_cactus",NA,140,159,72,1273,249,30,219,145,122,156,122,943,197,11,89,512,38,326,38
"haageana",17.4225,-97.4744444444444,"col_cactus",NA,143,161,72,1285,253,30,223,148,125,159,125,924,195,12,89,499,37,327,37
"haageana",17.5719444444444,-97.3297222222222,"col_cactus",NA,153,168,71,1469,268,33,235,161,133,170,132,747,153,7,86,381,23,280,32
"haageana",17.6483333333333,-97.3252777777778,"col_cactus",NA,152,167,70,1531,267,31,236,160,131,170,130,722,146,6,86,365,21,268,30
"haageana",17.3758333333333,-97.1058333333333,"col_cactus",NA,175,167,71,1520,289,55,234,183,155,193,153,786,153,6,89,431,24,270,29
